{
    "total_loss": 0.5319928721757641,
    "average_precision": 0.44418759814486497,
    "Precision": 0.6271032287403365,
    "Recall": 0.6114395506946497,
    "Accuracy": 0.8348558355373108,
    "Recall_ava": 0.586265366680797,
    "Recall_occ": 0.6390395042602633,
    "inference_threshold": 0.5,
    "TP": 8274.0,
    "FP": 4920.0,
    "TN": 43179.0,
    "FN": 5258.0,
    "Slots=TP+FN": 13532.0,
    "TP_ava": 4149.0,
    "FN_ava": 2928.0,
    "ava_cnt": 7077.0,
    "TP_occ": 4125.0,
    "FN_occ": 2330.0,
    "occ_cnt": 6455.0,
    "confidence_errs": 0.07860461349297426,
    "available_errs": 0.022579710543126286,
    "coord_dist_errs": 0.00966061109675752,
    "point_x_errs": 0.005924492525187824,
    "point_y_errs": 0.0021269282405914428,
    "entryLine_coord_errs": 0.033558120328700335,
    "entryLine_radian_errs": 0.027705813358605107,
    "entryLine_angle_errs": 1.5874261734252488,
    "entryLine_cos_errs": 0.027105697747208737,
    "entryLine_sin_errs": 0.0025839244625174636,
    "sepLine_radian_errs": 0.13487361712438584,
    "sepLine_angle_errs": 7.727689028890695,
    "sepLine_cos_errs": 0.04724634017579689,
    "sepLine_sin_errs": 0.1167541686778254,
    "reg_scores_entry_angle": 0.05739543556833131,
    "reg_scores_sep_angle": 0.2988741259780081,
    "reg_scores_objpoint": 0.017712031862536788,
    "reg_scores": 0.508724037773677,
    "epoch": 99.0,
    "epoch_val": 0.0,
    "step": 56529.0
}